GENE,CRISPR,PRIMER,SEQUENCE,SIDE,START,TM,GC%
examples/SCGN/SCGN,C540,0_left,AATTCCCCAAAGCGCAGAGA,left,89,59.962,50.000
examples/SCGN/SCGN,C540,0_right,AAGGGGAAACTCCAGGTCCT,right,23,60.104,55.000
examples/SCGN/SCGN,C541,0_left,AGCCTTCCTTTTCCAAGCACT,left,122,60.133,47.619
examples/SCGN/SCGN,C541,1_left,AGGTAGGTGTTGGCACTTTGT,left,210,59.786,47.619
examples/SCGN/SCGN,C541,0_right,GTTGCTAGGAGAGGGGGAGA,right,49,60.032,60.000
examples/SCGN/SCGN,C541,1_right,AGTGGGCTACTTTACCCCCA,right,238,60.179,55.000
examples/SCGN/SCGN,C542,0_left,GACTTTCACTGGGCACTCCA,left,132,59.891,55.000
examples/SCGN/SCGN,C542,1_left,GGCCCTTCAGTTGAGGAACA,left,270,59.890,55.000
examples/SCGN/SCGN,C542,0_right,CTGAGACGCTAGGCTACAGC,right,261,59.970,60.000
examples/SCGN/SCGN,C543,0_left,AACCGAGCTGTTCATCCTGG,left,208,60.036,55.000
examples/SCGN/SCGN,C543,1_left,GCCTTTTACCAGGGAGCACT,left,267,59.962,55.000
examples/SCGN/SCGN,C543,0_right,GGAGCACCCCAGGACAATAC,right,110,60.107,60.000
examples/SCGN/SCGN,C543,1_right,GTGCTCAGCTCTCCCTTGAG,right,21,60.108,60.000
examples/SCGN/SCGN,C544,0_left,TTCACGCTGGAGCTATTCCC,left,151,59.822,55.000
examples/SCGN/SCGN,C544,1_left,GGTCCCGTGAGCTCCCTATA,left,173,60.179,60.000
examples/SCGN/SCGN,C544,0_right,CCTGGTCACAAGAGAGAGGC,right,92,59.751,60.000
examples/SCGN/SCGN,C544,1_right,CAGGTTTCCCCACAGACTGG,right,142,60.251,60.000
